scenarioName,scenarioLoop,stepName,stepLoop,correlationId,requestTimeStamp,responseDelayMilliSec,responseTimeStamp,result
zerotest.CallZeroApi,0,TestZao,0,"4c3d3bbc-9c34-499a-a172-9d662642337a",2020-02-13T09:08:14.690,32877.0,2020-02-13T09:08:47.567,PASSED
zerotest.CallZeroApi,0,TestZao,0,"013246c2-95fe-43a1-a782-f749b4a9cf00",2020-02-13T00:54:17.989,56477.0,2020-02-13T00:55:14.466,PASSED
zerotest.CallZeroApi,0,TestZao,0,"11166647-b7fd-42dc-8ad6-a72b7eeb0694",2020-02-13T01:31:59.481,21691.0,2020-02-13T01:32:21.172,PASSED
zerotest.CallZeroApi,0,TestZao,0,"c89e5e9d-8761-4c71-a9aa-fec9d8170663",2020-02-13T02:13:15.759,17041.0,2020-02-13T02:13:32.800,PASSED
zerotest.CallZeroApi,0,TestZao,0,"61614b57-2cff-4f04-a76c-a52e411dd31a",2020-02-13T01:28:45.745,26720.0,2020-02-13T01:29:12.465,PASSED
zerotest.CallZeroApi,0,TestZao,0,"deb11d27-d173-408b-a4b3-ce4ec515e357",2020-02-13T02:00:38.720,33103.0,2020-02-13T02:01:11.823,PASSED
zerotest.CallZeroApi,0,TestZao,0,"795800dd-f073-495c-85d5-8df0bca91d71",2020-02-13T06:20:04.045,28211.0,2020-02-13T06:20:32.256,PASSED
zerotest.CallZeroApi,0,TestZao,0,"31fe3094-e658-4d59-8778-057283ff9d99",2020-02-13T02:35:32.895,29543.0,2020-02-13T02:36:02.438,PASSED
zerotest.CallZeroApi,0,TestZao,0,"2600029e-396b-43f8-8ff0-3b0373af1035",2020-02-13T02:13:04.204,21984.0,2020-02-13T02:13:26.188,PASSED
zerotest.CallZeroApi,0,TestZao,0,"41408a79-aabe-45d8-b6da-c4e7071b19c2",2020-02-13T04:29:02.145,24275.0,2020-02-13T04:29:26.420,PASSED
zerotest.CallZeroApi,0,TestZao,0,"6275ed73-883e-45d4-a637-dd1eecfbbfbb",2020-02-13T00:52:26.054,53876.0,2020-02-13T00:53:19.930,PASSED
zerotest.CallZeroApi,0,TestZao,0,"1cd8046f-c3d1-4dfe-99ad-276073973d06",2020-02-13T01:10:47.809,39505.0,2020-02-13T01:11:27.314,PASSED
zerotest.CallZeroApi,0,TestZao,0,"e8aae7f3-5417-4935-bd12-523a8a0c25f1",2020-02-13T04:51:07.054,37182.0,2020-02-13T04:51:44.236,PASSED
zerotest.CallZeroApi,0,TestZao,0,"8657f4fd-3860-4846-929a-2da096efc621",2020-02-13T04:18:18.409,25546.0,2020-02-13T04:18:43.955,PASSED
zerotest.CallZeroApi,0,TestZao,0,"ff8c6129-6f18-4a05-a6e9-7c4af9915090",2020-02-13T08:25:39.594,26065.0,2020-02-13T08:26:05.659,PASSED
zerotest.CallZeroApi,0,TestZao,0,"7bb82c82-b4e0-40c9-b7da-f8d5e31545f3",2020-02-13T08:08:15.058,24596.0,2020-02-13T08:08:39.654,PASSED
zerotest.CallZeroApi,0,TestZao,0,"df3e4e42-92c9-4a88-a2a6-bf1df9138448",2020-02-13T01:00:37.737,30303.0,2020-02-13T01:01:08.040,PASSED
zerotest.CallZeroApi,0,TestZao,0,"ba61b908-d13b-468d-ae6c-a2b16105470f",2020-02-13T02:03:24.776,22930.0,2020-02-13T02:03:47.706,PASSED
zerotest.CallZeroApi,0,TestZao,0,"ee38d88e-55be-4ee8-a750-178e2e9c079a",2020-02-13T02:17:44.651,23239.0,2020-02-13T02:18:07.890,PASSED
zerotest.CallZeroApi,0,TestZao,0,"04d6f501-641c-420e-90d2-df9451daf2e0",2020-02-13T05:17:29.077,20308.0,2020-02-13T05:17:49.385,PASSED
zerotest.CallZeroApi,0,TestZao,0,"945a3ad0-79b5-4ac1-b5c8-6b29dda73513",2020-02-13T02:45:13.681,21450.0,2020-02-13T02:45:35.131,PASSED
zerotest.CallZeroApi,0,TestZao,0,"39e32932-3f37-4774-b7d7-5ac437bd292d",2020-02-13T07:49:18.687,24788.0,2020-02-13T07:49:43.475,PASSED
zerotest.CallZeroApi,0,TestZao,0,"53ab3fa8-4d54-4b00-8540-53061cd3d870",2020-02-13T01:50:15.871,18262.0,2020-02-13T01:50:34.133,PASSED
zerotest.CallZeroApi,0,TestZao,0,"073bade0-ec83-4a0f-ae36-9a0e5b5d2ba7",2020-02-13T00:51:23.362,22710.0,2020-02-13T00:51:46.072,PASSED
zerotest.CallZeroApi,0,TestZao,0,"39c94c7e-52dd-48c0-844f-1da09ed54c37",2020-02-13T02:20:52.521,23606.0,2020-02-13T02:21:16.127,PASSED
zerotest.CallZeroApi,0,TestZao,0,"f0c76c5f-28b3-44a5-adf0-28580d1a0a2d",2020-02-13T03:34:04.035,24423.0,2020-02-13T03:34:28.458,PASSED
zerotest.CallZeroApi,0,TestZao,0,"a0dbe293-af32-49a5-be42-b20971dca3f2",2020-02-13T04:43:03.741,17672.0,2020-02-13T04:43:21.413,PASSED
zerotest.CallZeroApi,0,TestZao,0,"c96e72f4-5787-4ef0-9b2b-78e7d3bd7ab1",2020-02-13T03:53:43.972,27197.0,2020-02-13T03:54:11.169,PASSED
zerotest.CallZeroApi,0,TestZao,0,"b54e854a-7c17-40d3-b47f-66a5086083f9",2020-02-13T07:03:46.041,29890.0,2020-02-13T07:04:15.931,PASSED
zerotest.CallZeroApi,0,TestZao,0,"f0c2d26d-c770-4eff-975b-af2bf3171ec4",2020-02-13T09:00:47.175,34662.0,2020-02-13T09:01:21.837,PASSED
zerotest.CallZeroApi,0,TestZao,0,"b1f33164-8b51-41d4-bb7a-bf2548b4ef0a",2020-02-13T03:37:21.440,19029.0,2020-02-13T03:37:40.469,PASSED
zerotest.CallZeroApi,0,TestZao,0,"68b3594c-a760-41cf-8c5b-f753c8a02e83",2020-02-13T07:00:10.934,18548.0,2020-02-13T07:00:29.482,PASSED
zerotest.CallZeroApi,0,TestZao,0,"140930fc-4b2e-4a56-8a31-ddf6e909a0eb",2020-02-13T06:08:59.937,23463.0,2020-02-13T06:09:23.400,PASSED
zerotest.CallZeroApi,0,TestZao,0,"c303d6bb-4e3c-4ef8-9e05-714ac1a0c2fc",2020-02-13T00:54:11.844,35919.0,2020-02-13T00:54:47.763,PASSED
zerotest.CallZeroApi,0,TestZao,0,"abe6180a-2b40-48ef-aa30-e924a0df0cdd",2020-02-13T04:52:22.174,25285.0,2020-02-13T04:52:47.459,PASSED
zerotest.CallZeroApi,0,TestZao,0,"3e8643f8-34ae-459f-a216-5d853b2b5cbe",2020-02-13T02:20:13.747,22472.0,2020-02-13T02:20:36.219,PASSED
zerotest.CallZeroApi,0,TestZao,0,"ba156ee0-aece-4bff-a204-58b95b651080",2020-02-13T03:09:48.497,35051.0,2020-02-13T03:10:23.548,PASSED
zerotest.CallZeroApi,0,TestZao,0,"3801f441-5d32-41bb-bca9-a0d0c925648c",2020-02-13T03:17:01.571,20780.0,2020-02-13T03:17:22.351,PASSED
zerotest.CallZeroApi,0,TestZao,0,"b4aaa9c6-b30b-41f5-b56f-4d121105d9df",2020-02-13T04:23:32.721,39236.0,2020-02-13T04:24:11.957,PASSED
zerotest.CallZeroApi,0,TestZao,0,"7791c391-ad36-4547-8728-709f6fe5269c",2020-02-13T00:54:15.906,58556.0,2020-02-13T00:55:14.462,PASSED
zerotest.CallZeroApi,0,TestZao,0,"8143bd0e-8bbd-40c8-bd6c-25c577bf3740",2020-02-13T08:02:12.021,26163.0,2020-02-13T08:02:38.184,PASSED
zerotest.CallZeroApi,0,TestZao,0,"f23d6551-153b-4981-9c6e-ec323e6bf947",2020-02-13T08:38:10.119,25792.0,2020-02-13T08:38:35.911,PASSED
zerotest.CallZeroApi,0,TestZao,0,"142bf358-e99c-489e-a4a1-02e3bc28da0a",2020-02-13T04:22:01.158,23913.0,2020-02-13T04:22:25.071,PASSED
zerotest.CallZeroApi,0,TestZao,0,"51d58105-11de-4c2d-80ae-050863784a66",2020-02-13T04:45:03.675,17217.0,2020-02-13T04:45:20.892,PASSED
zerotest.CallZeroApi,0,TestZao,0,"d4fb53f3-412e-48c2-ba8b-f5322fa85f6d",2020-02-13T02:00:50.130,21699.0,2020-02-13T02:01:11.829,PASSED
zerotest.CallZeroApi,0,TestZao,0,"45c320a5-b175-4da6-ab3f-22c4d50cdcdb",2020-02-13T07:18:28.531,23235.0,2020-02-13T07:18:51.766,PASSED
zerotest.CallZeroApi,0,TestZao,0,"d1c03000-b96b-44d7-812b-bb1cab961542",2020-02-13T02:54:48.904,20721.0,2020-02-13T02:55:09.625,PASSED
zerotest.CallZeroApi,0,TestZao,0,"b3d66ad1-f326-4689-814b-f2756d88aef8",2020-02-13T08:55:45.315,26136.0,2020-02-13T08:56:11.451,PASSED
zerotest.CallZeroApi,0,TestZao,0,"a646d106-107f-4e5a-b47e-5fc3351102f8",2020-02-13T01:39:14.039,21449.0,2020-02-13T01:39:35.488,PASSED
zerotest.CallZeroApi,0,TestZao,0,"0c26d93e-aa74-460f-b281-6d02e76d08c7",2020-02-13T02:30:46.776,25914.0,2020-02-13T02:31:12.690,PASSED
zerotest.CallZeroApi,0,TestZao,0,"447af498-80e1-45f6-87ad-406b62963f38",2020-02-13T03:04:13.600,23992.0,2020-02-13T03:04:37.592,PASSED
zerotest.CallZeroApi,0,TestZao,0,"ae6d4e58-eb26-4d2d-9a7e-2a14e1dccb87",2020-02-13T01:05:46.193,19329.0,2020-02-13T01:06:05.522,PASSED
zerotest.CallZeroApi,0,TestZao,0,"54656499-57b0-4f4a-9ce4-b7ac7885b81f",2020-02-13T06:52:19.285,22308.0,2020-02-13T06:52:41.593,PASSED
zerotest.CallZeroApi,0,TestZao,0,"f763b466-f573-4223-b071-580e61704991",2020-02-13T02:16:59.949,22360.0,2020-02-13T02:17:22.309,PASSED
zerotest.CallZeroApi,0,TestZao,0,"bcfd6ec7-0eda-4460-b9d9-f5b0e65dcae2",2020-02-13T04:08:10.457,21881.0,2020-02-13T04:08:32.338,PASSED
zerotest.CallZeroApi,0,TestZao,0,"f1dacf19-efc9-4b0a-bd74-65561aaffade",2020-02-13T06:34:02.644,17616.0,2020-02-13T06:34:20.260,PASSED
zerotest.CallZeroApi,0,TestZao,0,"c0eab828-8134-4e0d-bfc6-2954bab979cd",2020-02-13T01:28:02.127,22614.0,2020-02-13T01:28:24.741,PASSED
zerotest.CallZeroApi,0,TestZao,0,"6faf1fda-4db8-4067-a39a-5a93ce6b384a",2020-02-13T06:00:20.070,19849.0,2020-02-13T06:00:39.919,PASSED
zerotest.CallZeroApi,0,TestZao,0,"0046d4ac-2dda-4724-b611-10449031d81f",2020-02-13T01:05:39.257,24191.0,2020-02-13T01:06:03.448,PASSED
zerotest.CallZeroApi,0,TestZao,0,"242415f7-c067-46cf-918f-55cf7b50e9e9",2020-02-13T00:48:29.865,49422.0,2020-02-13T00:49:19.287,PASSED
zerotest.CallZeroApi,0,TestZao,0,"f8d87829-55b8-4cd8-92e5-1b3757dbee60",2020-02-13T06:35:00.727,22020.0,2020-02-13T06:35:22.747,PASSED
zerotest.CallZeroApi,0,TestZao,0,"bdcd71cb-1656-407c-812a-175985ab75cf",2020-02-13T02:25:06.820,25727.0,2020-02-13T02:25:32.547,PASSED
zerotest.CallZeroApi,0,TestZao,0,"b2025694-3ec6-4f0e-898e-ad8ddb113b1f",2020-02-13T05:32:26.308,21933.0,2020-02-13T05:32:48.241,PASSED
zerotest.CallZeroApi,0,TestZao,0,"34c1d80e-34ea-4670-95b7-66f0c8ec1fe8",2020-02-13T04:54:12.900,27054.0,2020-02-13T04:54:39.954,PASSED
zerotest.CallZeroApi,0,TestZao,0,"30507326-8b29-484a-ae2f-10b42329cf88",2020-02-13T08:40:35.091,32381.0,2020-02-13T08:41:07.472,PASSED
zerotest.CallZeroApi,0,TestZao,0,"65089a06-60e2-40f9-92c4-9b12f4c62ec5",2020-02-13T07:51:53.719,19406.0,2020-02-13T07:52:13.125,PASSED
zerotest.CallZeroApi,0,TestZao,0,"92174871-2db6-497c-ab64-25dd36f5ab1a",2020-02-13T09:02:02.642,22899.0,2020-02-13T09:02:25.541,PASSED
zerotest.CallZeroApi,0,TestZao,0,"fb597572-d064-4c35-9469-a70fc9a6133c",2020-02-13T08:16:56.152,22861.0,2020-02-13T08:17:19.013,PASSED
zerotest.CallZeroApi,0,TestZao,0,"0c8aa1be-1906-4957-83c4-73f92b32b9da",2020-02-13T02:01:06.093,24549.0,2020-02-13T02:01:30.642,PASSED
zerotest.CallZeroApi,0,TestZao,0,"c0fb5e6b-0112-452e-adc0-fe8bdc902d63",2020-02-13T08:40:53.641,26413.0,2020-02-13T08:41:20.054,PASSED
zerotest.CallZeroApi,0,TestZao,0,"e72ea05c-ba8b-4503-bb9c-d76e962a87a6",2020-02-13T01:46:16.468,21220.0,2020-02-13T01:46:37.688,PASSED
zerotest.CallZeroApi,0,TestZao,0,"f4afec0a-1dd8-4da9-8847-db946d80e838",2020-02-13T05:14:43.334,17680.0,2020-02-13T05:15:01.014,PASSED
zerotest.CallZeroApi,0,TestZao,0,"76231816-2001-4967-bd75-c83238a1f46a",2020-02-13T04:44:50.049,26362.0,2020-02-13T04:45:16.411,PASSED
zerotest.CallZeroApi,0,TestZao,0,"44957b9d-7a04-4fa7-999d-8394c362c989",2020-02-13T05:26:20.798,26434.0,2020-02-13T05:26:47.232,PASSED
zerotest.CallZeroApi,0,TestZao,0,"909df658-32a3-4437-8246-db26bac1a657",2020-02-13T00:55:20.784,35169.0,2020-02-13T00:55:55.953,PASSED
zerotest.CallZeroApi,0,TestZao,0,"11a55f8f-a6b7-409e-8e96-1bfbde8b0afa",2020-02-13T04:11:45.295,22602.0,2020-02-13T04:12:07.897,PASSED
zerotest.CallZeroApi,0,TestZao,0,"19be2b1d-7f39-499c-be27-6fe4d0bb707f",2020-02-13T04:37:54.889,23190.0,2020-02-13T04:38:18.079,PASSED
zerotest.CallZeroApi,0,TestZao,0,"758ad2b2-94b2-4fb0-9971-03b904c3b88d",2020-02-13T01:41:11.467,21757.0,2020-02-13T01:41:33.224,PASSED
zerotest.CallZeroApi,0,TestZao,0,"c15e0111-eeb0-459f-a33e-12c17f707443",2020-02-13T04:42:47.426,29865.0,2020-02-13T04:43:17.291,PASSED
zerotest.CallZeroApi,0,TestZao,0,"bb1efdf2-9482-4571-a8ee-202af5d9b54f",2020-02-13T03:11:07.367,27172.0,2020-02-13T03:11:34.539,PASSED
zerotest.CallZeroApi,0,TestZao,0,"c60aea68-0b37-4435-be54-6f860b3523a4",2020-02-13T01:26:32.379,29536.0,2020-02-13T01:27:01.915,PASSED
zerotest.CallZeroApi,0,TestZao,0,"36fb8aaa-e055-46e1-9492-ad3e9ccf6973",2020-02-13T02:40:38.673,24822.0,2020-02-13T02:41:03.495,PASSED
zerotest.CallZeroApi,0,TestZao,0,"19bdc74e-41a7-42a8-b275-979b8c990995",2020-02-13T01:36:38.462,27357.0,2020-02-13T01:37:05.819,PASSED
zerotest.CallZeroApi,0,TestZao,0,"dbf86f89-bbdd-41e6-8f99-c38039147b21",2020-02-13T01:10:24.612,46791.0,2020-02-13T01:11:11.403,PASSED
zerotest.CallZeroApi,0,TestZao,0,"e2aff2d1-f1c7-4ef6-835f-8cdc1f6b4b6f",2020-02-13T07:34:50.290,21554.0,2020-02-13T07:35:11.844,PASSED
zerotest.CallZeroApi,0,TestZao,0,"8c174ba6-8278-452c-a85a-279f03275b0d",2020-02-13T04:21:20.181,26976.0,2020-02-13T04:21:47.157,PASSED
zerotest.CallZeroApi,0,TestZao,0,"a3d298c7-77ca-4e23-a934-02577558c308",2020-02-13T06:36:26.092,41389.0,2020-02-13T06:37:07.481,PASSED
zerotest.CallZeroApi,0,TestZao,0,"e50f3579-bace-40a5-b7e6-278da07416de",2020-02-13T02:12:50.606,35581.0,2020-02-13T02:13:26.187,PASSED
zerotest.CallZeroApi,0,TestZao,0,"c3fdedac-4048-4723-90b5-d2ec3d45541a",2020-02-15T20:58:12.796,627.0,2020-02-15T20:58:13.423,FAILED
zerotest.CallZeroApi,0,TestZao,0,"42bb7c0a-2af1-4615-b406-39a611e5597a",2020-02-13T08:23:53.248,24337.0,2020-02-13T08:24:17.585,PASSED
zerotest.CallZeroApi,0,TestZao,0,"6be92242-625c-48ff-b166-47fb7f581158",2020-02-13T08:13:10.110,28063.0,2020-02-13T08:13:38.173,PASSED
zerotest.CallZeroApi,0,TestZao,0,"2e6e62dd-c53a-40fc-b3d8-3d1b4834b4b1",2020-02-13T01:20:24.436,24697.0,2020-02-13T01:20:49.133,PASSED
zerotest.CallZeroApi,0,TestZao,0,"9ca2bc3b-99df-4d52-bd41-52569e970e42",2020-02-13T03:39:51.125,25391.0,2020-02-13T03:40:16.516,PASSED
zerotest.CallZeroApi,0,TestZao,0,"83170938-f94b-40eb-ba5f-c6259e7538d0",2020-02-13T02:05:37.618,25910.0,2020-02-13T02:06:03.528,PASSED
zerotest.CallZeroApi,0,TestZao,0,"609ebac1-2288-4e73-a820-e78a60e3d289",2020-02-13T06:25:11.941,22016.0,2020-02-13T06:25:33.957,PASSED
zerotest.CallZeroApi,0,TestZao,0,"5fd8b1ca-0cf3-44be-b134-8c07d0f6256e",2020-02-13T07:12:58.785,21384.0,2020-02-13T07:13:20.169,PASSED
zerotest.CallZeroApi,0,TestZao,0,"6780a895-15da-4880-9b57-4c4d7e216105",2020-02-13T02:40:53.378,23187.0,2020-02-13T02:41:16.565,PASSED
zerotest.CallZeroApi,0,TestZao,0,"cfef62b5-6087-4b0f-a980-a5acf9bbe7fd",2020-02-13T07:54:53.195,25765.0,2020-02-13T07:55:18.960,PASSED
zerotest.CallZeroApi,0,TestZao,0,"0fe33d13-c934-4cca-9c97-6744f913e7ef",2020-02-13T05:14:00.270,24387.0,2020-02-13T05:14:24.657,PASSED
zerotest.CallZeroApi,0,TestZao,0,"ca645220-f31b-457c-a5c8-e0e9a19e7b9e",2020-02-13T04:01:00.188,19252.0,2020-02-13T04:01:19.440,PASSED
zerotest.CallZeroApi,0,TestZao,0,"90ed9f1c-7f24-4970-bd27-d0dcf0eae4da",2020-02-13T04:00:47.879,31569.0,2020-02-13T04:01:19.448,PASSED
zerotest.CallZeroApi,0,TestZao,0,"ed36486f-9ce4-4de5-a788-0afac622b6e5",2020-02-13T05:13:44.482,20134.0,2020-02-13T05:14:04.616,PASSED
zerotest.CallZeroApi,0,TestZao,0,"b7bb19e2-70d9-47dc-b6a6-421d53668929",2020-02-13T09:17:38.369,28989.0,2020-02-13T09:18:07.358,PASSED
zerotest.CallZeroApi,0,TestZao,0,"18f623bb-7057-4ffa-8cd1-5636d5db4991",2020-02-13T07:08:18.337,21428.0,2020-02-13T07:08:39.765,PASSED
zerotest.CallZeroApi,0,TestZao,0,"d757af9b-856a-4d31-bfc2-655287cd0503",2020-02-13T08:05:46.352,17272.0,2020-02-13T08:06:03.624,PASSED
zerotest.CallZeroApi,0,TestZao,0,"dc28f5b7-dd7f-4a82-92c6-5938c23c8438",2020-02-13T04:12:25.307,24218.0,2020-02-13T04:12:49.525,PASSED
zerotest.CallZeroApi,0,TestZao,0,"cb76c16a-3598-4be7-95ae-f64d72beba62",2020-02-13T07:11:45.649,27666.0,2020-02-13T07:12:13.315,PASSED
zerotest.CallZeroApi,0,TestZao,0,"fbafc930-a20e-4db7-b334-72ad9d0cd4b8",2020-02-13T04:51:21.214,25114.0,2020-02-13T04:51:46.328,PASSED
zerotest.CallZeroApi,0,TestZao,0,"4e450466-9f44-4cd0-a225-ad79ef42f442",2020-02-13T08:45:49.055,22870.0,2020-02-13T08:46:11.925,PASSED
zerotest.CallZeroApi,0,TestZao,0,"5c2d5c79-c65c-4d2c-8f8d-ecb16b3456cb",2020-02-13T06:05:27.177,24664.0,2020-02-13T06:05:51.841,PASSED
zerotest.CallZeroApi,0,TestZao,0,"b979eb58-232b-431e-9851-35d5f4f4f069",2020-02-13T04:51:36.119,18676.0,2020-02-13T04:51:54.795,PASSED
zerotest.CallZeroApi,0,TestZao,0,"47ca5902-a671-4ca5-9493-6a9c6e45b0ae",2020-02-13T08:18:28.394,30076.0,2020-02-13T08:18:58.470,PASSED
zerotest.CallZeroApi,0,TestZao,0,"b08a84bf-a64c-4e96-a5ea-ce7f03a9896e",2020-02-13T07:53:31.351,21804.0,2020-02-13T07:53:53.155,PASSED
zerotest.CallZeroApi,0,TestZao,0,"5a3195c2-1301-434c-853d-7f4d81c9fccf",2020-02-13T07:56:29.650,19971.0,2020-02-13T07:56:49.621,PASSED
zerotest.CallZeroApi,0,TestZao,0,"99260da6-cbfb-4a26-8f04-810efde300f9",2020-02-13T06:53:50.104,24938.0,2020-02-13T06:54:15.042,PASSED
zerotest.CallZeroApi,0,TestZao,0,"72488dc0-e8b0-4843-b64a-8967d7c7b0a8",2020-02-13T06:33:56.982,23282.0,2020-02-13T06:34:20.264,PASSED
zerotest.CallZeroApi,0,TestZao,0,"72e6dc09-b072-4886-8f60-7c09d2722f84",2020-02-13T01:05:54.552,30680.0,2020-02-13T01:06:25.232,PASSED
zerotest.CallZeroApi,0,TestZao,0,"ea4ac875-2c73-4803-b2a7-dc11b73fddf9",2020-02-13T06:27:29.551,28744.0,2020-02-13T06:27:58.295,PASSED
zerotest.CallZeroApi,0,TestZao,0,"6bd61f70-cf09-457e-9280-7f493176b27b",2020-02-13T01:50:05.597,28541.0,2020-02-13T01:50:34.138,PASSED
zerotest.CallZeroApi,0,TestZao,0,"4a0a060b-cd2b-4111-92b8-666804cba341",2020-02-13T06:01:00.596,22253.0,2020-02-13T06:01:22.849,PASSED
zerotest.CallZeroApi,0,TestZao,0,"2562afee-9c4e-491f-9f47-2cd77dea83e8",2020-02-13T07:05:32.291,37100.0,2020-02-13T07:06:09.391,PASSED
zerotest.CallZeroApi,0,TestZao,0,"8da2e58f-4ad6-4a57-9667-92ced7df2c53",2020-02-13T04:36:08.614,25134.0,2020-02-13T04:36:33.748,PASSED
zerotest.CallZeroApi,0,TestZao,0,"b7bda738-1110-4eca-ade3-27921f9d5089",2020-02-13T02:59:45.510,21141.0,2020-02-13T03:00:06.651,PASSED
zerotest.CallZeroApi,0,TestZao,0,"3e3e7dd9-44e7-490b-bfe0-b75ca0a31a9f",2020-02-13T08:56:15.875,27130.0,2020-02-13T08:56:43.005,PASSED
zerotest.CallZeroApi,0,TestZao,0,"7fccbd4f-dfaf-441d-9819-8ff54c4fd7e5",2020-02-13T01:45:40.521,5641.0,2020-02-13T01:45:46.162,FAILED
zerotest.CallZeroApi,0,TestZao,0,"3d609f7c-3e2d-4b6c-92ff-3553ebd5871f",2020-02-13T02:12:07.841,31124.0,2020-02-13T02:12:38.965,PASSED
zerotest.CallZeroApi,0,TestZao,0,"767542ac-7606-4355-998c-1783544cb0fa",2020-02-13T07:42:12.683,27971.0,2020-02-13T07:42:40.654,PASSED
zerotest.CallZeroApi,0,TestZao,0,"07c2d973-f074-4095-8780-8112903f5a55",2020-02-13T02:26:06.201,20748.0,2020-02-13T02:26:26.949,PASSED
zerotest.CallZeroApi,0,TestZao,0,"53f3fecd-d9ac-4932-b844-0f633a611f96",2020-02-13T03:23:09.500,25008.0,2020-02-13T03:23:34.508,PASSED
zerotest.CallZeroApi,0,TestZao,0,"45f66514-2280-430d-8991-b8a0aff00d99",2020-02-13T05:14:20.110,25500.0,2020-02-13T05:14:45.610,PASSED
zerotest.CallZeroApi,0,TestZao,0,"88116222-91d6-4a44-a90e-aa1013651d32",2020-02-13T01:44:08.252,26242.0,2020-02-13T01:44:34.494,PASSED
zerotest.CallZeroApi,0,TestZao,0,"df14c6c8-2e54-4df7-9767-c9dca4545e13",2020-02-13T01:07:12.260,20761.0,2020-02-13T01:07:33.021,PASSED
zerotest.CallZeroApi,0,TestZao,0,"094b7402-8502-48b2-a029-7b1e759e23e8",2020-02-13T05:07:45.894,22235.0,2020-02-13T05:08:08.129,PASSED
zerotest.CallZeroApi,0,TestZao,0,"ebd0eb64-f9e5-4484-a815-2e6ad576764d",2020-02-13T05:23:50.481,35483.0,2020-02-13T05:24:25.964,PASSED
zerotest.CallZeroApi,0,TestZao,0,"50dfab59-50e6-4e80-a068-5b10d258149a",2020-02-13T00:53:32.227,67731.0,2020-02-13T00:54:39.958,PASSED
zerotest.CallZeroApi,0,TestZao,0,"d0e2bf2f-947f-48c7-a586-a94797b37802",2020-02-13T07:47:59.115,34764.0,2020-02-13T07:48:33.879,PASSED
zerotest.CallZeroApi,0,TestZao,0,"f28845e2-7766-4ce4-85fa-54beac1225db",2020-02-13T08:51:24.750,17983.0,2020-02-13T08:51:42.733,PASSED
zerotest.CallZeroApi,0,TestZao,0,"0eb66d41-9ca1-41f7-ae9f-57f5b87e8382",2020-02-13T07:08:18.446,47620.0,2020-02-13T07:09:06.066,PASSED
zerotest.CallZeroApi,0,TestZao,0,"ca3b37fc-a350-41fc-bfe7-7d14b96b8ac5",2020-02-13T08:33:50.092,22265.0,2020-02-13T08:34:12.357,PASSED
zerotest.CallZeroApi,0,TestZao,0,"1b40b570-0124-4875-a7fb-748c63e6c4d0",2020-02-13T01:46:08.249,25311.0,2020-02-13T01:46:33.560,PASSED
zerotest.CallZeroApi,0,TestZao,0,"91c32926-97a0-417e-bd55-c2bfeac52559",2020-02-13T08:05:29.495,25298.0,2020-02-13T08:05:54.793,PASSED
zerotest.CallZeroApi,0,TestZao,0,"c4ebadef-3fa4-4630-88db-cfa0d8394f00",2020-02-13T01:11:27.317,16455.0,2020-02-13T01:11:43.772,PASSED
zerotest.CallZeroApi,0,TestZao,0,"364d9315-0c5d-4eda-8435-8c9d15b687d6",2020-02-13T02:26:37.543,26179.0,2020-02-13T02:27:03.722,PASSED
zerotest.CallZeroApi,0,TestZao,0,"4535cf65-7daf-452f-a565-7004ee9d792e",2020-02-13T01:11:13.426,22062.0,2020-02-13T01:11:35.488,PASSED
zerotest.CallZeroApi,0,TestZao,0,"925e1fd7-716b-4e9f-8b22-68955b1c7966",2020-02-13T07:07:26.625,25846.0,2020-02-13T07:07:52.471,PASSED
zerotest.CallZeroApi,0,TestZao,0,"1e1cbf3b-96e6-475b-860e-47d1a184e11e",2020-02-13T08:11:20.122,28626.0,2020-02-13T08:11:48.748,PASSED
zerotest.CallZeroApi,0,TestZao,0,"6acbdac1-ab42-4104-970f-37422ec99e1a",2020-02-13T04:51:50.781,18360.0,2020-02-13T04:52:09.141,PASSED
zerotest.CallZeroApi,0,TestZao,0,"23bc6ba7-644b-422e-9e79-924b8decaeb5",2020-02-13T01:22:57.742,25637.0,2020-02-13T01:23:23.379,PASSED
zerotest.CallZeroApi,0,TestZao,0,"53bce965-522f-4138-913f-66b06cbeb613",2020-02-13T08:28:52.736,23394.0,2020-02-13T08:29:16.130,PASSED
zerotest.CallZeroApi,0,TestZao,0,"ba953d52-1833-441f-afdc-ae37ba424b48",2020-02-13T02:56:45.483,22234.0,2020-02-13T02:57:07.717,PASSED
zerotest.CallZeroApi,0,TestZao,0,"1e0820ed-e55f-4cb0-a544-bc021b4c411e",2020-02-13T06:17:02.995,17992.0,2020-02-13T06:17:20.987,PASSED
zerotest.CallZeroApi,0,TestZao,0,"348d7381-fc7f-4b1b-97a7-51d7a58e8eb4",2020-02-13T03:45:01.948,24590.0,2020-02-13T03:45:26.538,PASSED
zerotest.CallZeroApi,0,TestZao,0,"813a4452-4c3d-4c5f-b8da-153f528ca3a8",2020-02-13T01:06:25.245,16479.0,2020-02-13T01:06:41.724,PASSED
zerotest.CallZeroApi,0,TestZao,0,"802a606f-762f-4ce1-90b2-d2dcb91c342f",2020-02-13T00:51:48.105,64831.0,2020-02-13T00:52:52.936,PASSED
zerotest.CallZeroApi,0,TestZao,0,"3ee43676-bc1f-4904-a590-7f4a60fa65de",2020-02-13T09:08:25.301,22271.0,2020-02-13T09:08:47.572,PASSED
zerotest.CallZeroApi,0,TestZao,0,"607ac142-10eb-45a1-84a9-cd225c3dd07d",2020-02-13T04:24:09.937,18719.0,2020-02-13T04:24:28.656,PASSED
zerotest.CallZeroApi,0,TestZao,0,"5819d952-75bc-4817-92c8-de54f56f2e65",2020-02-13T01:26:52.806,18132.0,2020-02-13T01:27:10.938,PASSED
zerotest.CallZeroApi,0,TestZao,0,"4337bc94-3b33-45d3-b774-0e3a8b4bab48",2020-02-13T00:53:53.648,46302.0,2020-02-13T00:54:39.950,PASSED
zerotest.CallZeroApi,0,TestZao,0,"bfbf38f3-45bb-48e3-b6e9-6d687c5cb1a7",2020-02-13T01:06:12.126,25489.0,2020-02-13T01:06:37.615,PASSED
zerotest.CallZeroApi,0,TestZao,0,"f98dd7ce-6e2d-40b9-911a-32143a444a23",2020-02-13T03:14:19.258,18907.0,2020-02-13T03:14:38.165,PASSED
zerotest.CallZeroApi,0,TestZao,0,"c0e14eff-4ef8-4b21-9bdf-1b958669f8d5",2020-02-13T02:12:32.825,19851.0,2020-02-13T02:12:52.676,PASSED
zerotest.CallZeroApi,0,TestZao,0,"1a1b1463-e85c-45bd-b9d6-50cf5217ccc5",2020-02-13T04:04:47.517,26431.0,2020-02-13T04:05:13.948,PASSED
zerotest.CallZeroApi,0,TestZao,0,"09f4fea1-8136-4ae6-a136-a90044942a5e",2020-02-13T01:18:41.360,28804.0,2020-02-13T01:19:10.164,PASSED
zerotest.CallZeroApi,0,TestZao,0,"b4fa9732-b9f6-4293-ad44-a8b03a079082",2020-02-13T01:05:37.061,26382.0,2020-02-13T01:06:03.443,PASSED
zerotest.CallZeroApi,0,TestZao,0,"1d035247-f9b1-443a-acef-1e5e54ae005d",2020-02-13T01:07:37.227,39365.0,2020-02-13T01:08:16.592,PASSED
zerotest.CallZeroApi,0,TestZao,0,"c5ad541e-3003-44fb-b846-b131639babad",2020-02-13T05:46:04.547,24262.0,2020-02-13T05:46:28.809,PASSED
zerotest.CallZeroApi,0,TestZao,0,"eeb361cd-3bb9-4df5-bd58-c9b48f2ad3d8",2020-02-13T03:54:39.559,16448.0,2020-02-13T03:54:56.007,PASSED
zerotest.CallZeroApi,0,TestZao,0,"798dd172-126c-485c-8834-b770dc4e4e93",2020-02-13T02:48:43.504,63644.0,2020-02-13T02:49:47.148,PASSED
zerotest.CallZeroApi,0,TestZao,0,"158c7b21-8b2b-4aa1-9ec9-c8883f3bfd7c",2020-02-13T04:21:31.011,32320.0,2020-02-13T04:22:03.331,PASSED
zerotest.CallZeroApi,0,TestZao,0,"59344818-de48-4de6-a019-9e55ff426edb",2020-02-13T06:16:51.659,24437.0,2020-02-13T06:17:16.096,PASSED
zerotest.CallZeroApi,0,TestZao,0,"2af8d929-89d1-4dbf-97c0-c75e949103aa",2020-02-13T01:31:51.480,29688.0,2020-02-13T01:32:21.168,PASSED
zerotest.CallZeroApi,0,TestZao,0,"df52cd74-3b4f-42ac-ae28-898050ada91a",2020-02-13T00:48:52.784,59554.0,2020-02-13T00:49:52.338,PASSED
zerotest.CallZeroApi,0,TestZao,0,"4d09bd74-fa45-4a65-8fc7-516d2f64aa93",2020-02-13T07:00:04.466,22865.0,2020-02-13T07:00:27.331,PASSED
zerotest.CallZeroApi,0,TestZao,0,"41d1ca42-a2c1-4183-9764-198c26e84cc8",2020-02-13T01:13:07.363,23103.0,2020-02-13T01:13:30.466,PASSED
zerotest.CallZeroApi,0,TestZao,0,"ee0be4b1-6588-4893-857e-9af2ac51453b",2020-02-13T03:29:15.073,25089.0,2020-02-13T03:29:40.162,PASSED
zerotest.CallZeroApi,0,TestZao,0,"ca1f4503-443f-4025-9905-87d749b0c90f",2020-02-13T03:53:56.831,20465.0,2020-02-13T03:54:17.296,PASSED
zerotest.CallZeroApi,0,TestZao,0,"5561b180-4769-4710-a26d-ec252bc69e02",2020-02-13T05:13:31.158,24259.0,2020-02-13T05:13:55.417,PASSED
zerotest.CallZeroApi,0,TestZao,0,"379262e0-30ed-486c-ab80-c14927436c03",2020-02-13T08:18:10.883,21757.0,2020-02-13T08:18:32.640,PASSED
zerotest.CallZeroApi,0,TestZao,0,"7b5ec98a-0c32-4e72-aebc-6667a6d8248d",2020-02-13T08:50:51.624,27972.0,2020-02-13T08:51:19.596,PASSED
zerotest.CallZeroApi,0,TestZao,0,"8a09e77e-fbde-445f-8d07-832966d8e7fc",2020-02-13T00:48:07.263,57570.0,2020-02-13T00:49:04.833,PASSED
zerotest.CallZeroApi,0,TestZao,0,"c63e73b9-f328-4af9-8f09-27d59ea28adb",2020-02-13T05:05:32.405,23309.0,2020-02-13T05:05:55.714,PASSED
zerotest.CallZeroApi,0,TestZao,0,"a0bc3110-5284-4b24-bfa4-754de1e09eb6",2020-02-13T07:20:53.148,26362.0,2020-02-13T07:21:19.510,PASSED
zerotest.CallZeroApi,0,TestZao,0,"46b042d6-1cd1-4874-ac27-8781bd072cee",2020-02-13T05:36:14.931,28206.0,2020-02-13T05:36:43.137,PASSED
zerotest.CallZeroApi,0,TestZao,0,"59e42f2e-40ca-4f35-b812-facebc90be6d",2020-02-13T01:28:14.964,20259.0,2020-02-13T01:28:35.223,PASSED
zerotest.CallZeroApi,0,TestZao,0,"d39df732-af32-4d14-b66f-b599c7607734",2020-02-13T00:55:10.206,29191.0,2020-02-13T00:55:39.397,PASSED
zerotest.CallZeroApi,0,TestZao,0,"c484c882-c73e-4d9b-8571-6a5ebac9a276",2020-02-13T01:13:58.121,32237.0,2020-02-13T01:14:30.358,PASSED
zerotest.CallZeroApi,0,TestZao,0,"5f2205aa-6b53-48a9-8519-44948ca05199",2020-02-13T02:40:26.447,32752.0,2020-02-13T02:40:59.199,PASSED
zerotest.CallZeroApi,0,TestZao,0,"278410de-4cce-46fa-aa08-a2da6b4e93f1",2020-02-13T03:51:27.274,25794.0,2020-02-13T03:51:53.068,PASSED
zerotest.CallZeroApi,0,TestZao,0,"d1d98d09-672b-42e8-87e5-184cd789f17f",2020-02-13T01:07:53.520,31381.0,2020-02-13T01:08:24.901,PASSED
zerotest.CallZeroApi,0,TestZao,0,"4a1000a6-ab90-426d-a3a8-df19cd738337",2020-02-13T05:59:58.921,27671.0,2020-02-13T06:00:26.592,PASSED
zerotest.CallZeroApi,0,TestZao,0,"6edc9f2f-7c27-419b-a803-6e5214c52805",2020-02-13T00:51:16.323,33946.0,2020-02-13T00:51:50.269,PASSED
zerotest.CallZeroApi,0,TestZao,0,"71639879-f5bd-4e5f-a99b-b318653b1312",2020-02-13T02:27:22.161,27175.0,2020-02-13T02:27:49.336,PASSED
zerotest.CallZeroApi,0,TestZao,0,"0317a286-44e8-4817-87a3-65b33d9e42a7",2020-02-13T01:11:57.863,25990.0,2020-02-13T01:12:23.853,PASSED
zerotest.CallZeroApi,0,TestZao,0,"27a35a57-5664-489a-b59d-a6152d4342a1",2020-02-13T01:02:59.838,25060.0,2020-02-13T01:03:24.898,PASSED
zerotest.CallZeroApi,0,TestZao,0,"858e7f48-1402-4d59-8716-9af8c9040919",2020-02-13T05:52:42.338,22330.0,2020-02-13T05:53:04.668,PASSED
zerotest.CallZeroApi,0,TestZao,0,"66f5f4b1-a738-4cd2-95b1-5e74ce858bdb",2020-02-13T00:51:42.748,63852.0,2020-02-13T00:52:46.600,PASSED
zerotest.CallZeroApi,0,TestZao,0,"e8fcae16-359f-485d-b4a8-a92dd21f2f4c",2020-02-13T01:40:37.505,27476.0,2020-02-13T01:41:04.981,PASSED
zerotest.CallZeroApi,0,TestZao,0,"5af38a43-4f28-42d2-8822-b757865f3de2",2020-02-13T07:00:43.614,19915.0,2020-02-13T07:01:03.529,PASSED
zerotest.CallZeroApi,0,TestZao,0,"2cd01d9a-24b7-4593-a8f5-d232e4b6b27a",2020-02-13T01:57:15.385,20864.0,2020-02-13T01:57:36.249,PASSED
zerotest.CallZeroApi,0,TestZao,0,"5707c552-beb8-4231-9bbc-7b9e340a64f8",2020-02-13T02:26:31.809,21248.0,2020-02-13T02:26:53.057,PASSED
zerotest.CallZeroApi,0,TestZao,0,"203c7309-e493-4419-b22b-943837e2f0fe",2020-02-13T06:00:47.500,21995.0,2020-02-13T06:01:09.495,PASSED
zerotest.CallZeroApi,0,TestZao,0,"0f116956-bb6e-459a-8048-ae93701f7f6d",2020-02-13T02:12:26.245,28553.0,2020-02-13T02:12:54.798,PASSED
zerotest.CallZeroApi,0,TestZao,0,"32912ece-bdb0-43e5-9e1d-4c9c04b88aa4",2020-02-13T03:15:07.751,20800.0,2020-02-13T03:15:28.551,PASSED
zerotest.CallZeroApi,0,TestZao,0,"7a37c3d0-869b-4f03-bd24-ebbc716ed944",2020-02-13T01:26:40.282,26226.0,2020-02-13T01:27:06.508,PASSED
zerotest.CallZeroApi,0,TestZao,0,"3d29c8e0-8f9d-405d-ac18-e69fd1a6f3c9",2020-02-13T01:06:50.007,38037.0,2020-02-13T01:07:28.044,PASSED
zerotest.CallZeroApi,0,TestZao,0,"db81d0f6-08e3-468f-95e9-cab15a68d41a",2020-02-13T06:22:26.380,26656.0,2020-02-13T06:22:53.036,PASSED
zerotest.CallZeroApi,0,TestZao,0,"207da5f5-af37-4c61-9866-320d344fa408",2020-02-13T04:07:14.569,24902.0,2020-02-13T04:07:39.471,PASSED
zerotest.CallZeroApi,0,TestZao,0,"827a90c1-3c4f-47b6-9966-18db574fc963",2020-02-13T01:10:09.286,28015.0,2020-02-13T01:10:37.301,PASSED
zerotest.CallZeroApi,0,TestZao,0,"1e25f4d9-25f3-4fed-b530-c78649724b5c",2020-02-13T07:04:00.384,19981.0,2020-02-13T07:04:20.365,PASSED
zerotest.CallZeroApi,0,TestZao,0,"a7f52ce0-8c57-4c39-b6f4-4a015b9f5dd5",2020-02-13T01:07:28.076,25424.0,2020-02-13T01:07:53.500,PASSED
zerotest.CallZeroApi,0,TestZao,0,"28eec6cc-415b-4b94-ba66-e0a24888ec49",2020-02-13T05:28:40.653,21687.0,2020-02-13T05:29:02.340,PASSED
zerotest.CallZeroApi,0,TestZao,0,"7c67a620-7910-4bfb-bd51-71734909cc4e",2020-02-13T08:07:16.257,23001.0,2020-02-13T08:07:39.258,PASSED
zerotest.CallZeroApi,0,TestZao,0,"2086df8c-4c35-4cae-835e-965ba22a6bf9",2020-02-13T00:52:38.249,41679.0,2020-02-13T00:53:19.928,PASSED
zerotest.CallZeroApi,0,TestZao,0,"ed674e6c-d3a3-43f2-bf94-b52966539e1f",2020-02-12T20:35:10.029,1529.0,2020-02-12T20:35:11.558,FAILED
zerotest.CallZeroApi,0,TestZao,0,"91a1ca7a-6b47-403a-bb10-d954f3c366ec",2020-02-13T05:55:06.178,23254.0,2020-02-13T05:55:29.432,PASSED
zerotest.CallZeroApi,0,TestZao,0,"b797a5c5-c879-4a3e-8c18-bfae5c9129f9",2020-02-13T03:14:09.513,22341.0,2020-02-13T03:14:31.854,PASSED
zerotest.CallZeroApi,0,TestZao,0,"3acd6055-e650-4bcd-95bc-d514bac0f8b6",2020-02-13T06:14:06.994,27390.0,2020-02-13T06:14:34.384,PASSED
zerotest.CallZeroApi,0,TestZao,0,"74e77e71-5f40-4165-8c06-980027a174e2",2020-02-13T07:51:49.335,23801.0,2020-02-13T07:52:13.136,PASSED
zerotest.CallZeroApi,0,TestZao,0,"7933b6f8-a917-4e42-ba82-da88ba4aaf4e",2020-02-13T03:44:12.748,19637.0,2020-02-13T03:44:32.385,PASSED
zerotest.CallZeroApi,0,TestZao,0,"54b5d083-2284-4d23-8b24-87b0080c816f",2020-02-13T05:44:25.096,42456.0,2020-02-13T05:45:07.552,PASSED
zerotest.CallZeroApi,0,TestZao,0,"e65330b6-da75-45e5-9fca-4caaa7208930",2020-02-13T01:23:38.429,26818.0,2020-02-13T01:24:05.247,PASSED
zerotest.CallZeroApi,0,TestZao,0,"854720d7-c41d-4516-8400-f6e16e82cb50",2020-02-13T08:19:42.675,26279.0,2020-02-13T08:20:08.954,PASSED
zerotest.CallZeroApi,0,TestZao,0,"8fc2d6c3-ed52-40af-b373-87b5b71880a9",2020-02-13T03:39:37.885,21042.0,2020-02-13T03:39:58.927,PASSED
zerotest.CallZeroApi,0,TestZao,0,"f722c581-6875-47d4-95af-dcb68bd5b48e",2020-02-13T03:39:12.489,25357.0,2020-02-13T03:39:37.846,PASSED
zerotest.CallZeroApi,0,TestZao,0,"628a4831-f69d-499e-975e-46a444df1945",2020-02-13T03:21:41.647,26289.0,2020-02-13T03:22:07.936,PASSED
zerotest.CallZeroApi,0,TestZao,0,"edd8bbae-21fb-4119-9729-87554cc3dfd4",2020-02-13T03:54:08.464,22702.0,2020-02-13T03:54:31.166,PASSED
zerotest.CallZeroApi,0,TestZao,0,"f28e43fe-5d82-4ed0-9153-66273796d181",2020-02-13T03:54:27.165,22529.0,2020-02-13T03:54:49.694,PASSED
zerotest.CallZeroApi,0,TestZao,0,"2ccf36a0-85e7-402e-ba70-d0d5fba59da1",2020-02-13T00:54:49.763,35150.0,2020-02-13T00:55:24.913,PASSED
zerotest.CallZeroApi,0,TestZao,0,"5cee7412-021a-4caf-a458-66e6d335e849",2020-02-13T01:06:59.273,24559.0,2020-02-13T01:07:23.832,PASSED
